model,rmse,mae,score
cnn,18.6787109375,13.6890869140625,1107.49755859375
pinn,14.644055366516113,11.136836051940918,338.58544921875
